sector,cam_ccd,orbit,rms_date,ra,dec,suspected source type,notes,plot_file,lc_file,fcol,frow
101,cam1_ccd1,o1a,4101,178.35572302600235,-32.96771597816651,,,sector101/multiple/lc_outcatrms_day_4101_cam1_ccd1_cand1cam1_ccd1.jpg,lc/lc_outcatrms_day_4101_cam1_ccd1_cand1.txt,1134.4101,1857.4665
101,cam3_ccd2,o1a,4101,220.31943714014832,-73.6265326049672,,,sector101/multiple/lc_outcatrms_day_4101_cam3_ccd2_cand15cam3_ccd2.jpg,lc/lc_outcatrms_day_4101_cam3_ccd2_cand15.txt,796.6692,1985.1229
101,cam2_ccd3,o1a,4102,192.26766181430963,-42.50493422844833,,,sector101/multiple/lc_outcatrms_day_4102_cam2_ccd3_cand5cam2_ccd3.jpg,lc/lc_outcatrms_day_4102_cam2_ccd3_cand5.txt,1961.5272,399.1566
101,cam3_ccd3,o1a,4102,240.00737309791452,-81.72665253908477,,,sector101/multiple/lc_outcatrms_day_4102_cam3_ccd3_cand2cam3_ccd3.jpg,lc/lc_outcatrms_day_4102_cam3_ccd3_cand2.txt,545.3024,855.2681
101,cam4_ccd4,o1a,4103,308.96623364360715,-54.25982595736227,,,sector101/multiple/lc_outcatrms_day_4103_cam4_ccd4_cand9cam4_ccd4.jpg,lc/lc_outcatrms_day_4103_cam4_ccd4_cand9.txt,1700.5436,143.1016
101,cam2_ccd4,o1a,4104,192.86657190874587,-49.70410763761116,,,sector101/multiple/lc_outcatrms_day_4104_cam2_ccd4_cand15cam2_ccd4.jpg,lc/lc_outcatrms_day_4104_cam2_ccd4_cand15.txt,237.6998,1572.8136
101,cam3_ccd2,o1a,4104,201.45592439309056,-71.65804383854562,,,sector101/multiple/lc_outcatrms_day_4104_cam3_ccd2_cand23cam3_ccd2.jpg,lc/lc_outcatrms_day_4104_cam3_ccd2_cand23.txt,1347.2394,1111.9172
101,cam1_ccd2,o1a,4105,196.39933438788935,-38.25357051632727,,,sector101/multiple/lc_outcatrms_day_4105_cam1_ccd2_cand16cam1_ccd2.jpg,lc/lc_outcatrms_day_4105_cam1_ccd2_cand16.txt,1011.6017,66.9526
101,cam2_ccd3,o1a,4106,194.24010591756692,-44.88047988417747,,,sector101/multiple/lc_outcatrms_day_4106_cam2_ccd3_cand15cam2_ccd3.jpg,lc/lc_outcatrms_day_4106_cam2_ccd3_cand15.txt,1910.8776,885.6375
101,cam3_ccd3,o1a,4106,221.2136475349964,-76.92300892740066,,,sector101/multiple/lc_outcatrms_day_4106_cam3_ccd3_cand16cam3_ccd3.jpg,lc/lc_outcatrms_day_4106_cam3_ccd3_cand16.txt,939.525,1813.1527
101,cam4_ccd1,o1a,4106,274.20459561466157,-68.21574025208936,,,sector101/multiple/lc_outcatrms_day_4106_cam4_ccd1_cand8cam4_ccd1.jpg,lc/lc_outcatrms_day_4106_cam4_ccd1_cand8.txt,1311.7375,417.2904
101,cam4_ccd4,o1a,4106,304.68911433265765,-67.18413275771172,,,sector101/multiple/lc_outcatrms_day_4106_cam4_ccd4_cand17cam4_ccd4.jpg,lc/lc_outcatrms_day_4106_cam4_ccd4_cand17.txt,177.5914,1904.3336
101,cam2_ccd4,o1b,4107,178.680151210858,-46.74760738961627,,,sector101/multiple/lc_outcatrms_day_4107_cam2_ccd4_cand24cam2_ccd4.jpg,lc/lc_outcatrms_day_4107_cam2_ccd4_cand24.txt,1644.4327,534.5404
101,cam4_ccd2,o1b,4107,285.6375264587054,-78.08080839423268,,,sector101/multiple/lc_outcatrms_day_4107_cam4_ccd2_cand16cam4_ccd2.jpg,lc/lc_outcatrms_day_4107_cam4_ccd2_cand16.txt,948.0022,545.3279
101,cam2_ccd2,o1b,4108,206.30630727135932,-57.16514689341815,,,sector101/multiple/lc_outcatrms_day_4108_cam2_ccd2_cand18cam2_ccd2.jpg,lc/lc_outcatrms_day_4108_cam2_ccd2_cand18.txt,294.3424,850.5134
101,cam4_ccd3,o1b,4108,325.9590180197674,-67.32088240492871,,,sector101/multiple/lc_outcatrms_day_4108_cam4_ccd3_cand12cam4_ccd3.jpg,lc/lc_outcatrms_day_4108_cam4_ccd3_cand12.txt,1282.1487,976.2108
101,cam2_ccd1,o1b,4109,195.33483637567116,-55.69053791035641,,,sector101/multiple/lc_outcatrms_day_4109_cam2_ccd1_cand53cam2_ccd1.jpg,lc/lc_outcatrms_day_4109_cam2_ccd1_cand53.txt,1695.7631,1598.9647
101,cam2_ccd2,o1b,4109,209.47228303156174,-52.70158464111513,,,sector101/multiple/lc_outcatrms_day_4109_cam2_ccd2_cand22cam2_ccd2.jpg,lc/lc_outcatrms_day_4109_cam2_ccd2_cand22.txt,1000.6205,1284.4853
101,cam2_ccd2,o1b,4109,202.24167386279174,-54.206744658365935,,,sector101/multiple/lc_outcatrms_day_4109_cam2_ccd2_cand23cam2_ccd2.jpg,lc/lc_outcatrms_day_4109_cam2_ccd2_cand23.txt,243.627,1494.9303
101,cam3_ccd2,o1b,4109,196.5823051476587,-75.10552385408936,,,sector101/multiple/lc_outcatrms_day_4109_cam3_ccd2_cand47cam3_ccd2.jpg,lc/lc_outcatrms_day_4109_cam3_ccd2_cand47.txt,1848.707,1527.0271
101,cam1_ccd1,o1b,4110,178.8595294025536,-41.53915977630221,,,sector101/multiple/lc_outcatrms_day_4110_cam1_ccd1_cand25cam1_ccd1.jpg,lc/lc_outcatrms_day_4110_cam1_ccd1_cand25.txt,763.7819,389.9552
101,cam1_ccd2,o1b,4110,193.8133417562959,-36.2356995451161,,,sector101/multiple/lc_outcatrms_day_4110_cam1_ccd2_cand33cam1_ccd2.jpg,lc/lc_outcatrms_day_4110_cam1_ccd2_cand33.txt,826.4105,560.6918
101,cam3_ccd2,o1b,4110,198.2333958482804,-67.04904014832734,,,sector101/multiple/lc_outcatrms_day_4110_cam3_ccd2_cand49cam3_ccd2.jpg,lc/lc_outcatrms_day_4110_cam3_ccd2_cand49.txt,1144.889,298.2381
101,cam4_ccd1,o1b,4110,276.7323935580932,-61.61205296365625,,,sector101/multiple/lc_outcatrms_day_4110_cam4_ccd1_cand17cam4_ccd1.jpg,lc/lc_outcatrms_day_4110_cam4_ccd1_cand17.txt,194.9061,809.8057
101,cam2_ccd4,o1b,4111,186.35417239462245,-51.43710267951116,,,sector101/multiple/lc_outcatrms_day_4111_cam2_ccd4_cand32cam2_ccd4.jpg,lc/lc_outcatrms_day_4111_cam2_ccd4_cand32.txt,1006.9836,1583.5832
101,cam4_ccd1,o1b,4111,291.03225500980614,-66.37170928821867,,,sector101/multiple/lc_outcatrms_day_4111_cam4_ccd1_cand21cam4_ccd1.jpg,lc/lc_outcatrms_day_4111_cam4_ccd1_cand21.txt,1358.5588,1593.3109
101,cam4_ccd2,o1b,4111,299.1795920122079,-70.77822582801763,,,sector101/multiple/lc_outcatrms_day_4111_cam4_ccd2_cand25cam4_ccd2.jpg,lc/lc_outcatrms_day_4111_cam4_ccd2_cand25.txt,98.1714,1674.7065
101,cam4_ccd3,o1b,4111,337.49623648830226,-75.66421938957791,,,sector101/multiple/lc_outcatrms_day_4111_cam4_ccd3_cand7cam4_ccd3.jpg,lc/lc_outcatrms_day_4111_cam4_ccd3_cand7.txt,51.8414,1980.2591
101,cam1_ccd3,o2a,4114,181.10769203147441,-18.297465287420643,,,sector101/multiple/lc_outcatrms_day_4114_cam1_ccd3_cand62cam1_ccd3.jpg,lc/lc_outcatrms_day_4114_cam1_ccd3_cand62.txt,2018.0879,32.8482
101,cam3_ccd3,o2a,4114,262.86063561651235,-77.19266257749598,,,sector101/multiple/lc_outcatrms_day_4114_cam3_ccd3_cand28cam3_ccd3.jpg,lc/lc_outcatrms_day_4114_cam3_ccd3_cand28.txt,1461.3045,311.734
101,cam1_ccd4,o2a,4115,175.6698362656212,-26.035942943966987,,,sector101/multiple/lc_outcatrms_day_4115_cam1_ccd4_cand43cam1_ccd4.jpg,lc/lc_outcatrms_day_4115_cam1_ccd4_cand43.txt,1072.6242,1086.7343
101,cam2_ccd4,o2a,4115,177.9717138133468,-53.74892259450724,,,sector101/multiple/lc_outcatrms_day_4115_cam2_ccd4_cand35cam2_ccd4.jpg,lc/lc_outcatrms_day_4115_cam2_ccd4_cand35.txt,1987.1529,1723.144
101,cam3_ccd3,o2a,4115,222.45892885150738,-78.60512644879954,,,sector101/multiple/lc_outcatrms_day_4115_cam3_ccd3_cand31cam3_ccd3.jpg,lc/lc_outcatrms_day_4115_cam3_ccd3_cand31.txt,744.8098,1588.1003
101,cam2_ccd4,o2a,4116,178.71099215536836,-52.11486712757714,,,sector101/multiple/lc_outcatrms_day_4116_cam2_ccd4_cand39cam2_ccd4.jpg,lc/lc_outcatrms_day_4116_cam2_ccd4_cand39.txt,1845.4548,1461.6735
101,cam4_ccd3,o2a,4116,324.9914880603834,-61.07297884887809,,,sector101/multiple/lc_outcatrms_day_4116_cam4_ccd3_cand32cam4_ccd3.jpg,lc/lc_outcatrms_day_4116_cam4_ccd3_cand32.txt,1926.9329,85.4428
101,cam1_ccd2,o2a,4118,193.92051822488165,-33.94420329859694,,,sector101/multiple/lc_outcatrms_day_4118_cam1_ccd2_cand64cam1_ccd2.jpg,lc/lc_outcatrms_day_4118_cam1_ccd2_cand64.txt,1001.7933,920.7569
101,cam2_ccd1,o2a,4118,196.99618091781883,-55.14213468624715,,,sector101/multiple/lc_outcatrms_day_4118_cam2_ccd1_cand81cam2_ccd1.jpg,lc/lc_outcatrms_day_4118_cam2_ccd1_cand81.txt,1881.5773,1610.1736
101,cam3_ccd3,o2a,4118,234.86760761188495,-78.57324819484936,,,sector101/multiple/lc_outcatrms_day_4118_cam3_ccd3_cand40cam3_ccd3.jpg,lc/lc_outcatrms_day_4118_cam3_ccd3_cand40.txt,987.8496,1241.3962
101,cam4_ccd1,o2a,4118,296.5792722384485,-69.77100270403315,,,sector101/multiple/lc_outcatrms_day_4118_cam4_ccd1_cand33cam4_ccd1.jpg,lc/lc_outcatrms_day_4118_cam4_ccd1_cand33.txt,2037.4135,1635.6293
101,cam4_ccd4,o2a,4118,300.26973558105965,-57.45257091223871,,,sector101/multiple/lc_outcatrms_day_4118_cam4_ccd4_cand36cam4_ccd4.jpg,lc/lc_outcatrms_day_4118_cam4_ccd4_cand36.txt,1760.9108,1192.4471
101,cam1_ccd1,o2a,4119,179.714661576027,-40.65694061565971,,,sector101/multiple/lc_outcatrms_day_4119_cam1_ccd1_cand50cam1_ccd1.jpg,lc/lc_outcatrms_day_4119_cam1_ccd1_cand50.txt,921.7513,513.857
101,cam3_ccd2,o2a,4119,196.3420653514653,-66.80061525564649,,,sector101/multiple/lc_outcatrms_day_4119_cam3_ccd2_cand74cam3_ccd2.jpg,lc/lc_outcatrms_day_4119_cam3_ccd2_cand74.txt,1246.1478,194.4199
101,cam3_ccd2,o2a,4119,197.2873186224532,-68.3303387240399,,,sector101/multiple/lc_outcatrms_day_4119_cam3_ccd2_cand75cam3_ccd2.jpg,lc/lc_outcatrms_day_4119_cam3_ccd2_cand75.txt,1301.9776,472.1849
101,cam4_ccd4,o2a,4119,306.09491369499244,-53.903592094150994,,,sector101/multiple/lc_outcatrms_day_4119_cam4_ccd4_cand41cam4_ccd4.jpg,lc/lc_outcatrms_day_4119_cam4_ccd4_cand41.txt,1947.2288,328.8218
101,cam1_ccd2,o2b,4120,198.50403962769954,-29.06662243049661,,,sector101/multiple/lc_outcatrms_day_4120_cam1_ccd2_cand71cam1_ccd2.jpg,lc/lc_outcatrms_day_4120_cam1_ccd2_cand71.txt,1998.6936,1386.0571
101,cam1_ccd4,o2b,4120,178.5661730961239,-19.09105870758993,,,sector101/multiple/lc_outcatrms_day_4120_cam1_ccd4_cand5cam1_ccd4.jpg,lc/lc_outcatrms_day_4120_cam1_ccd4_cand5.txt,297.2616,38.4481
101,cam2_ccd1,o2b,4120,200.26699201700293,-56.773985634057084,,,sector101/multiple/lc_outcatrms_day_4120_cam2_ccd1_cand95cam2_ccd1.jpg,lc/lc_outcatrms_day_4120_cam2_ccd1_cand95.txt,2020.4526,1214.0364
101,cam3_ccd3,o2b,4120,244.30593453382497,-84.06998226496863,,,sector101/multiple/lc_outcatrms_day_4120_cam3_ccd3_cand46cam3_ccd3.jpg,lc/lc_outcatrms_day_4120_cam3_ccd3_cand46.txt,173.4269,604.854
101,cam3_ccd3,o2b,4121,257.2397715185781,-75.89271942843743,,,sector101/multiple/lc_outcatrms_day_4121_cam3_ccd3_cand48cam3_ccd3.jpg,lc/lc_outcatrms_day_4121_cam3_ccd3_cand48.txt,1674.2983,563.7601
101,cam3_ccd3,o2b,4121,232.20152918707993,-71.06231969644786,,,sector101/multiple/lc_outcatrms_day_4121_cam3_ccd3_cand51cam3_ccd3.jpg,lc/lc_outcatrms_day_4121_cam3_ccd3_cand51.txt,2054.7762,1982.6967
101,cam2_ccd2,o2b,4122,215.2130724523681,-50.51597533570717,,,sector101/multiple/lc_outcatrms_day_4122_cam2_ccd2_cand61cam2_ccd2.jpg,lc/lc_outcatrms_day_4122_cam2_ccd2_cand61.txt,1734.5296,1172.6281
101,cam2_ccd3,o2b,4122,191.4691019371677,-41.37156691609243,,,sector101/multiple/lc_outcatrms_day_4122_cam2_ccd3_cand49cam2_ccd3.jpg,lc/lc_outcatrms_day_4122_cam2_ccd3_cand49.txt,1975.9942,168.782
101,cam3_ccd1,o2b,4122,241.50455117130483,-60.23948021721663,,,sector101/multiple/lc_outcatrms_day_4122_cam3_ccd1_cand126cam3_ccd1.jpg,lc/lc_outcatrms_day_4122_cam3_ccd1_cand126.txt,274.4691,1981.7035
101,cam3_ccd2,o2b,4122,189.16894852557016,-69.90615684997405,,,sector101/multiple/lc_outcatrms_day_4122_cam3_ccd2_cand90cam3_ccd2.jpg,lc/lc_outcatrms_day_4122_cam3_ccd2_cand90.txt,1895.7807,518.0865
101,cam4_ccd2,o2b,4122,304.9927493652703,-77.96645146327803,,,sector101/multiple/lc_outcatrms_day_4122_cam4_ccd2_cand52cam4_ccd2.jpg,lc/lc_outcatrms_day_4122_cam4_ccd2_cand52.txt,1263.7894,1167.0641
101,cam4_ccd1,o2b,4123,271.95449308629395,-64.25771522153272,,,sector101/multiple/lc_outcatrms_day_4123_cam4_ccd1_cand47cam4_ccd1.jpg,lc/lc_outcatrms_day_4123_cam4_ccd1_cand47.txt,587.4633,347.7978
101,cam4_ccd1,o2b,4123,289.5257974722852,-59.68460937088973,,,sector101/multiple/lc_outcatrms_day_4123_cam4_ccd1_cand49cam4_ccd1.jpg,lc/lc_outcatrms_day_4123_cam4_ccd1_cand49.txt,241.2906,1967.5504
101,cam1_ccd2,o2b,4124,194.88838841174834,-27.57224072840519,,,sector101/multiple/lc_outcatrms_day_4124_cam1_ccd2_cand86cam1_ccd2.jpg,lc/lc_outcatrms_day_4124_cam1_ccd2_cand86.txt,1590.3527,1864.6314
101,cam1_ccd4,o2b,4124,173.50033767768414,-23.510658451908263,,,sector101/multiple/lc_outcatrms_day_4124_cam1_ccd4_cand110cam1_ccd4.jpg,lc/lc_outcatrms_day_4124_cam1_ccd4_cand110.txt,1302.6336,561.8011
101,cam2_ccd3,o2b,4124,199.22171535319245,-48.292300114719005,,,sector101/multiple/lc_outcatrms_day_4124_cam2_ccd3_cand56cam2_ccd3.jpg,lc/lc_outcatrms_day_4124_cam2_ccd3_cand56.txt,1660.2117,1677.5246
101,cam1_ccd2,o2b,4125,190.36607813964767,-29.793752386491303,,,sector101/multiple/lc_outcatrms_day_4125_cam1_ccd2_cand92cam1_ccd2.jpg,lc/lc_outcatrms_day_4125_cam1_ccd2_cand92.txt,800.6677,1787.6881
102,cam1_ccd4,o1a,4127,194.04465301188912,-34.31258534501488,,,sector102/multiple/lc_outcatrms_day_4127_cam1_ccd4_cand1cam1_ccd4.jpg,lc/lc_outcatrms_day_4127_cam1_ccd4_cand1.txt,1837.6311,554.948
102,cam1_ccd4,o1a,4127,194.0186764732359,-34.32297977400926,,,sector102/multiple/lc_outcatrms_day_4127_cam1_ccd4_cand2cam1_ccd4.jpg,lc/lc_outcatrms_day_4127_cam1_ccd4_cand2.txt,1841.8962,555.7492
102,cam1_ccd4,o1a,4127,202.4669507387113,-32.69861884205659,,,sector102/multiple/lc_outcatrms_day_4127_cam1_ccd4_cand4cam1_ccd4.jpg,lc/lc_outcatrms_day_4127_cam1_ccd4_cand4.txt,556.5397,649.4742
102,cam1_ccd3,o1a,4128,207.89143256924868,-31.490275224677696,,,sector102/multiple/lc_outcatrms_day_4128_cam1_ccd3_cand38cam1_ccd3.jpg,lc/lc_outcatrms_day_4128_cam1_ccd3_cand38.txt,1905.0233,731.0032
102,cam2_ccd4,o1a,4128,219.23491410855237,-57.34715991976883,,,sector102/multiple/lc_outcatrms_day_4128_cam2_ccd4_cand1cam2_ccd4.jpg,lc/lc_outcatrms_day_4128_cam2_ccd4_cand1.txt,408.6652,1215.3891
102,cam2_ccd3,o1a,4129,228.76561540086453,-57.72816805931799,,,sector102/multiple/lc_outcatrms_day_4129_cam2_ccd3_cand12cam2_ccd3.jpg,lc/lc_outcatrms_day_4129_cam2_ccd3_cand12.txt,1880.1669,1750.9663
102,cam2_ccd4,o1a,4129,215.31148123177425,-51.55372875520529,,,sector102/multiple/lc_outcatrms_day_4129_cam2_ccd4_cand2cam2_ccd4.jpg,lc/lc_outcatrms_day_4129_cam2_ccd4_cand2.txt,297.6859,121.8955
102,cam4_ccd2,o1a,4129,327.17835391711776,-68.09337643990442,,,sector102/multiple/lc_outcatrms_day_4129_cam4_ccd2_cand13cam4_ccd2.jpg,lc/lc_outcatrms_day_4129_cam4_ccd2_cand13.txt,144.7824,504.7387
102,cam3_ccd1,o1a,4130,268.0717026799237,-61.48109556017404,,,sector102/multiple/lc_outcatrms_day_4130_cam3_ccd1_cand5cam3_ccd1.jpg,lc/lc_outcatrms_day_4130_cam3_ccd1_cand5.txt,425.9807,741.3558
102,cam3_ccd3,o1a,4130,325.668279050383,-77.18852275415881,,,sector102/multiple/lc_outcatrms_day_4130_cam3_ccd3_cand11cam3_ccd3.jpg,lc/lc_outcatrms_day_4130_cam3_ccd3_cand11.txt,801.0877,615.3925
102,cam2_ccd4,o1a,4131,210.8401577510344,-53.28854652864089,,,sector102/multiple/lc_outcatrms_day_4131_cam2_ccd4_cand6cam2_ccd4.jpg,lc/lc_outcatrms_day_4131_cam2_ccd4_cand6.txt,859.9136,198.647
102,cam4_ccd1,o1a,4133,315.58959059970016,-58.050923771232284,,,sector102/multiple/lc_outcatrms_day_4133_cam4_ccd1_cand5cam4_ccd1.jpg,lc/lc_outcatrms_day_4133_cam4_ccd1_cand5.txt,342.0985,734.1432
102,cam4_ccd1,o1a,4134,320.16306219373666,-56.04812530559907,,,sector102/multiple/lc_outcatrms_day_4134_cam4_ccd1_cand7cam4_ccd1.jpg,lc/lc_outcatrms_day_4134_cam4_ccd1_cand7.txt,288.3969,1298.0517
102,cam4_ccd4,o1a,4134,338.09952474204977,-56.45269762304722,,,sector102/multiple/lc_outcatrms_day_4134_cam4_ccd4_cand6cam4_ccd4.jpg,lc/lc_outcatrms_day_4134_cam4_ccd4_cand6.txt,624.1919,1676.0321
102,cam1_ccd2,o1a,4135,220.73461792649235,-45.217622087980764,,,sector102/multiple/lc_outcatrms_day_4135_cam1_ccd2_cand2cam1_ccd2.jpg,lc/lc_outcatrms_day_4135_cam1_ccd2_cand2.txt,763.8135,589.6903
102,cam1_ccd4,o1a,4135,197.26735749759524,-31.004548965627162,,,sector102/multiple/lc_outcatrms_day_4135_cam1_ccd4_cand36cam1_ccd4.jpg,lc/lc_outcatrms_day_4135_cam1_ccd4_cand36.txt,1222.045,111.4724
102,cam2_ccd4,o1a,4135,211.38316817446295,-57.77477809425217,,,sector102/multiple/lc_outcatrms_day_4135_cam2_ccd4_cand27cam2_ccd4.jpg,lc/lc_outcatrms_day_4135_cam2_ccd4_cand27.txt,1099.1525,957.0664
102,cam2_ccd4,o1a,4135,217.75126977043217,-56.58379846167245,,,sector102/multiple/lc_outcatrms_day_4135_cam2_ccd4_cand28cam2_ccd4.jpg,lc/lc_outcatrms_day_4135_cam2_ccd4_cand28.txt,468.633,1032.0123
102,cam4_ccd1,o1a,4135,323.8303692456843,-63.26563472804157,,,sector102/multiple/lc_outcatrms_day_4135_cam4_ccd1_cand8cam4_ccd1.jpg,lc/lc_outcatrms_day_4135_cam4_ccd1_cand8.txt,1507.892,838.3712
102,cam3_ccd2,o1a,4136,241.15554966146152,-76.9412577914591,,,sector102/multiple/lc_outcatrms_day_4136_cam3_ccd2_cand36cam3_ccd2.jpg,lc/lc_outcatrms_day_4136_cam3_ccd2_cand36.txt,1376.3262,562.7033
102,cam3_ccd4,o1a,4137,297.7979400493174,-63.64251501219839,,,sector102/multiple/lc_outcatrms_day_4137_cam3_ccd4_cand27cam3_ccd4.jpg,lc/lc_outcatrms_day_4137_cam3_ccd4_cand27.txt,1402.5135,1075.7451
102,cam4_ccd1,o1a,4137,318.61624130829597,-61.39735680811063,,,sector102/multiple/lc_outcatrms_day_4137_cam4_ccd1_cand12cam4_ccd1.jpg,lc/lc_outcatrms_day_4137_cam4_ccd1_cand12.txt,996.1589,669.2168
102,cam4_ccd4,o1a,4137,345.44918966852185,-51.93949629421484,,,sector102/multiple/lc_outcatrms_day_4137_cam4_ccd4_cand13cam4_ccd4.jpg,lc/lc_outcatrms_day_4137_cam4_ccd4_cand13.txt,508.5522,602.5966
102,cam1_ccd4,o1a,4138,195.56029265248924,-35.81636756049556,,,sector102/multiple/lc_outcatrms_day_4138_cam1_ccd4_cand48cam1_ccd4.jpg,lc/lc_outcatrms_day_4138_cam1_ccd4_cand48.txt,1674.7079,875.7059
102,cam4_ccd1,o1a,4138,317.78850494801554,-64.11109640624868,,,sector102/multiple/lc_outcatrms_day_4138_cam4_ccd1_cand14cam4_ccd1.jpg,lc/lc_outcatrms_day_4138_cam4_ccd1_cand14.txt,1360.8306,359.3762
102,cam4_ccd1,o1a,4138,324.65225748876884,-61.72582486988853,,,sector102/multiple/lc_outcatrms_day_4138_cam4_ccd1_cand18cam4_ccd1.jpg,lc/lc_outcatrms_day_4138_cam4_ccd1_cand18.txt,1337.9688,1053.198
102,cam1_ccd1,o2a,4140,205.56432762536275,-49.67663845445088,,,sector102/multiple/lc_outcatrms_day_4140_cam1_ccd1_cand0cam1_ccd1.jpg,lc/lc_outcatrms_day_4140_cam1_ccd1_cand0.txt,989.9583,645.7984
102,cam1_ccd2,o2a,4141,222.453986369354,-44.12760139405049,,,sector102/multiple/lc_outcatrms_day_4141_cam1_ccd2_cand127cam1_ccd2.jpg,lc/lc_outcatrms_day_4141_cam1_ccd2_cand127.txt,1045.2634,640.6477
102,cam2_ccd1,o2a,4141,218.66720662315905,-64.79568172859274,,,sector102/multiple/lc_outcatrms_day_4141_cam2_ccd1_cand18cam2_ccd1.jpg,lc/lc_outcatrms_day_4141_cam2_ccd1_cand18.txt,1071.4831,1893.7055
102,cam2_ccd3,o2a,4141,239.81348325535555,-51.77665120248822,,,sector102/multiple/lc_outcatrms_day_4141_cam2_ccd3_cand36cam2_ccd3.jpg,lc/lc_outcatrms_day_4141_cam2_ccd3_cand36.txt,367.0148,1721.3991
102,cam3_ccd1,o2a,4141,255.28206536934042,-67.83934235548301,,,sector102/multiple/lc_outcatrms_day_4141_cam3_ccd1_cand30cam3_ccd1.jpg,lc/lc_outcatrms_day_4141_cam3_ccd1_cand30.txt,1816.4254,272.4686
102,cam3_ccd2,o2a,4141,272.5931020734238,-73.76556989893609,,,sector102/multiple/lc_outcatrms_day_4141_cam3_ccd2_cand53cam3_ccd2.jpg,lc/lc_outcatrms_day_4141_cam3_ccd2_cand53.txt,272.4983,1553.3365
102,cam4_ccd2,o2a,4141,345.00052177526305,-67.8212542735072,,,sector102/multiple/lc_outcatrms_day_4141_cam4_ccd2_cand49cam4_ccd2.jpg,lc/lc_outcatrms_day_4141_cam4_ccd2_cand49.txt,963.2645,1316.9554
102,cam1_ccd1,o2a,4142,213.00573831685313,-50.59951258173566,,,sector102/multiple/lc_outcatrms_day_4142_cam1_ccd1_cand15cam1_ccd1.jpg,lc/lc_outcatrms_day_4142_cam1_ccd1_cand15.txt,1695.5133,173.9345
102,cam2_ccd1,o2a,4142,246.0078979285791,-68.72747977545939,,,sector102/multiple/lc_outcatrms_day_4142_cam2_ccd1_cand19cam2_ccd1.jpg,lc/lc_outcatrms_day_4142_cam2_ccd1_cand19.txt,2033.0136,171.0775
102,cam3_ccd4,o2a,4142,297.24524157604225,-62.02651442071776,,,sector102/multiple/lc_outcatrms_day_4142_cam3_ccd4_cand39cam3_ccd4.jpg,lc/lc_outcatrms_day_4142_cam3_ccd4_cand39.txt,1695.4328,1056.1703
102,cam1_ccd2,o2a,4143,226.1097241389248,-45.52567704126034,,,sector102/multiple/lc_outcatrms_day_4143_cam1_ccd2_cand136cam1_ccd2.jpg,lc/lc_outcatrms_day_4143_cam1_ccd2_cand136.txt,1309.9733,168.4093
102,cam1_ccd2,o2a,4143,228.389314763116,-43.22750181183292,,,sector102/multiple/lc_outcatrms_day_4143_cam1_ccd2_cand137cam1_ccd2.jpg,lc/lc_outcatrms_day_4143_cam1_ccd2_cand137.txt,1787.7481,331.1165
102,cam2_ccd4,o2a,4143,208.0315936375858,-54.22032156444917,,,sector102/multiple/lc_outcatrms_day_4143_cam2_ccd4_cand46cam2_ccd4.jpg,lc/lc_outcatrms_day_4143_cam2_ccd4_cand46.txt,1194.6622,240.9677
102,cam2_ccd4,o2a,4143,201.82564203746907,-58.141325622329944,,,sector102/multiple/lc_outcatrms_day_4143_cam2_ccd4_cand48cam2_ccd4.jpg,lc/lc_outcatrms_day_4143_cam2_ccd4_cand48.txt,1990.9681,716.1575
102,cam3_ccd1,o2a,4143,270.0503279514053,-68.59672011574095,,,sector102/multiple/lc_outcatrms_day_4143_cam3_ccd1_cand38cam3_ccd1.jpg,lc/lc_outcatrms_day_4143_cam3_ccd1_cand38.txt,1605.7551,1217.5817
102,cam4_ccd3,o2a,4143,2.907263827856702,-61.815344502522315,,,sector102/multiple/lc_outcatrms_day_4143_cam4_ccd3_cand61cam4_ccd3.jpg,lc/lc_outcatrms_day_4143_cam4_ccd3_cand61.txt,437.1519,1386.7161
102,cam1_ccd1,o2a,4144,203.58180380909755,-50.30279997836494,,,sector102/multiple/lc_outcatrms_day_4144_cam1_ccd1_cand39cam1_ccd1.jpg,lc/lc_outcatrms_day_4144_cam1_ccd1_cand39.txt,738.3907,609.9082
102,cam1_ccd2,o2a,4144,223.70682768272906,-36.47561605096432,,,sector102/multiple/lc_outcatrms_day_4144_cam1_ccd2_cand144cam1_ccd2.jpg,lc/lc_outcatrms_day_4144_cam1_ccd2_cand144.txt,1887.397,1689.4539
102,cam2_ccd4,o2a,4144,200.18038581170305,-56.09223031924298,,,sector102/multiple/lc_outcatrms_day_4144_cam2_ccd4_cand53cam2_ccd4.jpg,lc/lc_outcatrms_day_4144_cam2_ccd4_cand53.txt,2078.9135,307.9767
102,cam4_ccd2,o2a,4144,324.24118348921877,-70.05479084147025,,,sector102/multiple/lc_outcatrms_day_4144_cam4_ccd2_cand61cam4_ccd2.jpg,lc/lc_outcatrms_day_4144_cam4_ccd2_cand61.txt,300.7264,136.8719
102,cam4_ccd2,o2a,4144,349.0650949293835,-75.75345114567241,,,sector102/multiple/lc_outcatrms_day_4144_cam4_ccd2_cand63cam4_ccd2.jpg,lc/lc_outcatrms_day_4144_cam4_ccd2_cand63.txt,1936.9232,216.3072
102,cam4_ccd4,o2a,4144,334.6369896010414,-47.69522160428738,,,sector102/multiple/lc_outcatrms_day_4144_cam4_ccd4_cand19cam4_ccd4.jpg,lc/lc_outcatrms_day_4144_cam4_ccd4_cand19.txt,1945.6792,760.4151
102,cam1_ccd2,o2a,4145,221.63574364917847,-47.24534280246539,,,sector102/multiple/lc_outcatrms_day_4145_cam1_ccd2_cand145cam1_ccd2.jpg,lc/lc_outcatrms_day_4145_cam1_ccd2_cand145.txt,681.1971,220.1486
102,cam1_ccd3,o2a,4145,210.10958966502645,-28.196888229432314,,,sector102/multiple/lc_outcatrms_day_4145_cam1_ccd3_cand322cam1_ccd3.jpg,lc/lc_outcatrms_day_4145_cam1_ccd3_cand322.txt,1373.243,315.1642
102,cam3_ccd3,o2a,4145,296.557718268153,-72.54376749205545,,,sector102/multiple/lc_outcatrms_day_4145_cam3_ccd3_cand51cam3_ccd3.jpg,lc/lc_outcatrms_day_4145_cam3_ccd3_cand51.txt,2073.0287,1476.0361
102,cam1_ccd3,o2a,4146,215.79782982964875,-29.696281300552638,,,sector102/multiple/lc_outcatrms_day_4146_cam1_ccd3_cand343cam1_ccd3.jpg,lc/lc_outcatrms_day_4146_cam1_ccd3_cand343.txt,694.588,917.9891
102,cam1_ccd4,o2a,4146,194.46920990883672,-41.18562061118296,,,sector102/multiple/lc_outcatrms_day_4146_cam1_ccd4_cand75cam1_ccd4.jpg,lc/lc_outcatrms_day_4146_cam1_ccd4_cand75.txt,2041.7366,1756.3952
102,cam2_ccd4,o2a,4146,208.3319468493317,-62.05777910859913,,,sector102/multiple/lc_outcatrms_day_4146_cam2_ccd4_cand61cam2_ccd4.jpg,lc/lc_outcatrms_day_4146_cam2_ccd4_cand61.txt,1615.6208,1553.9407
102,cam2_ccd4,o2a,4146,208.51981323908404,-62.46460098822538,,,sector102/multiple/lc_outcatrms_day_4146_cam2_ccd4_cand66cam2_ccd4.jpg,lc/lc_outcatrms_day_4146_cam2_ccd4_cand66.txt,1624.5508,1625.7649
102,cam3_ccd3,o2a,4146,286.33888742359886,-76.88998831762022,,,sector102/multiple/lc_outcatrms_day_4146_cam3_ccd3_cand57cam3_ccd3.jpg,lc/lc_outcatrms_day_4146_cam3_ccd3_cand57.txt,1389.6909,2013.0724
102,cam1_ccd1,o2a,4147,206.12207158048406,-48.43341298508418,,,sector102/multiple/lc_outcatrms_day_4147_cam1_ccd1_cand60cam1_ccd1.jpg,lc/lc_outcatrms_day_4147_cam1_ccd1_cand60.txt,1128.5509,832.6225
102,cam1_ccd2,o2a,4147,219.84574900891215,-44.61836687333511,,,sector102/multiple/lc_outcatrms_day_4147_cam1_ccd2_cand171cam1_ccd2.jpg,lc/lc_outcatrms_day_4147_cam1_ccd2_cand171.txt,719.2808,737.8243
102,cam3_ccd3,o2a,4147,307.622249750812,-76.05832148662103,,,sector102/multiple/lc_outcatrms_day_4147_cam3_ccd3_cand59cam3_ccd3.jpg,lc/lc_outcatrms_day_4147_cam3_ccd3_cand59.txt,1350.6134,1151.9622
102,cam1_ccd3,o2a,4148,211.17121376529764,-35.213378409827364,,,sector102/multiple/lc_outcatrms_day_4148_cam1_ccd3_cand379cam1_ccd3.jpg,lc/lc_outcatrms_day_4148_cam1_ccd3_cand379.txt,1721.2613,1508.0252
102,cam2_ccd4,o2a,4148,205.1454283639217,-56.10687311183901,,,sector102/multiple/lc_outcatrms_day_4148_cam2_ccd4_cand96cam2_ccd4.jpg,lc/lc_outcatrms_day_4148_cam2_ccd4_cand96.txt,1579.0232,461.1861
102,cam1_ccd3,o2a,4149,210.10124711980276,-37.987261546765055,,,sector102/multiple/lc_outcatrms_day_4149_cam1_ccd3_cand391cam1_ccd3.jpg,lc/lc_outcatrms_day_4149_cam1_ccd3_cand391.txt,2043.6733,1884.1615
102,cam3_ccd4,o2a,4149,300.88577826529405,-61.38383871475345,,,sector102/multiple/lc_outcatrms_day_4149_cam3_ccd4_cand61cam3_ccd4.jpg,lc/lc_outcatrms_day_4149_cam3_ccd4_cand61.txt,1745.1401,728.8676
102,cam1_ccd2,o2a,4150,224.50573946558353,-44.03196386769206,,,sector102/multiple/lc_outcatrms_day_4150_cam1_ccd2_cand216cam1_ccd2.jpg,lc/lc_outcatrms_day_4150_cam1_ccd2_cand216.txt,1278.2235,510.6145
102,cam1_ccd2,o2a,4150,214.74228744866974,-42.70056671414265,,,sector102/multiple/lc_outcatrms_day_4150_cam1_ccd2_cand219cam1_ccd2.jpg,lc/lc_outcatrms_day_4150_cam1_ccd2_cand219.txt,308.1796,1335.1101
102,cam4_ccd2,o2a,4150,332.3663343406054,-65.90936315022748,,,sector102/multiple/lc_outcatrms_day_4150_cam4_ccd2_cand101cam4_ccd2.jpg,lc/lc_outcatrms_day_4150_cam4_ccd2_cand101.txt,99.5835,1025.5036
102,cam4_ccd3,o2a,4150,347.9165917513045,-56.53523061777267,,,sector102/multiple/lc_outcatrms_day_4150_cam4_ccd3_cand108cam4_ccd3.jpg,lc/lc_outcatrms_day_4150_cam4_ccd3_cand108.txt,2031.824,1141.7814
102,cam1_ccd1,o2a,4151,201.59333376475462,-53.4220387387037,,,sector102/multiple/lc_outcatrms_day_4151_cam1_ccd1_cand81cam1_ccd1.jpg,lc/lc_outcatrms_day_4151_cam1_ccd1_cand81.txt,336.9908,121.1974
102,cam1_ccd2,o2a,4151,218.2810878215179,-47.75642689462506,,,sector102/multiple/lc_outcatrms_day_4151_cam1_ccd2_cand221cam1_ccd2.jpg,lc/lc_outcatrms_day_4151_cam1_ccd2_cand221.txt,291.5888,348.2728
102,cam1_ccd4,o2a,4151,201.76526425895216,-39.91030478166415,,,sector102/multiple/lc_outcatrms_day_4151_cam1_ccd4_cand98cam1_ccd4.jpg,lc/lc_outcatrms_day_4151_cam1_ccd4_cand98.txt,1031.4395,1803.5903
102,cam3_ccd1,o2a,4151,257.6801503766691,-68.93706479430051,,,sector102/multiple/lc_outcatrms_day_4151_cam3_ccd1_cand56cam3_ccd1.jpg,lc/lc_outcatrms_day_4151_cam3_ccd1_cand56.txt,1918.7927,502.9856
102,cam3_ccd3,o2a,4151,303.1962598657993,-76.13409176345714,,,sector102/multiple/lc_outcatrms_day_4151_cam3_ccd3_cand77cam3_ccd3.jpg,lc/lc_outcatrms_day_4151_cam3_ccd3_cand77.txt,1401.8982,1329.7825
102,cam3_ccd3,o2a,4151,289.3368598953871,-75.26894697082463,,,sector102/multiple/lc_outcatrms_day_4151_cam3_ccd3_cand80cam3_ccd3.jpg,lc/lc_outcatrms_day_4151_cam3_ccd3_cand80.txt,1660.2549,1876.5342
102,cam4_ccd3,o2a,4151,350.16994818165136,-56.526145641716454,,,sector102/multiple/lc_outcatrms_day_4151_cam4_ccd3_cand119cam4_ccd3.jpg,lc/lc_outcatrms_day_4151_cam4_ccd3_cand119.txt,1849.4917,1029.5027
102,cam4_ccd3,o2a,4151,1.0947420507638908,-65.29984332100116,,,sector102/multiple/lc_outcatrms_day_4151_cam4_ccd3_cand130cam4_ccd3.jpg,lc/lc_outcatrms_day_4151_cam4_ccd3_cand130.txt,373.8448,2007.1735
103,cam2_ccd2,o1a,4153,279.43969412965174,-64.11992371119247,,,sector103/multiple/lc_outcatrms_day_4153_cam2_ccd2_cand4cam2_ccd2.jpg,lc/lc_outcatrms_day_4153_cam2_ccd2_cand4.txt,307.5613,1430.5132
103,cam4_ccd2,o1a,4154,6.2972145883567,-52.04237011756514,,,sector103/multiple/lc_outcatrms_day_4154_cam4_ccd2_cand10cam4_ccd2.jpg,lc/lc_outcatrms_day_4154_cam4_ccd2_cand10.txt,168.855,1997.6148
103,cam4_ccd3,o1a,4154,17.086350084603517,-52.281846231449585,,,sector103/multiple/lc_outcatrms_day_4154_cam4_ccd3_cand11cam4_ccd3.jpg,lc/lc_outcatrms_day_4154_cam4_ccd3_cand11.txt,974.093,1659.7862
103,cam3_ccd3,o1a,4155,351.11507872753447,-70.48871920617721,,,sector103/multiple/lc_outcatrms_day_4155_cam3_ccd3_cand11cam3_ccd3.jpg,lc/lc_outcatrms_day_4155_cam3_ccd3_cand11.txt,809.9289,1287.5833
103,cam4_ccd1,o1a,4155,354.4850053333592,-53.84076474779156,,,sector103/multiple/lc_outcatrms_day_4155_cam4_ccd1_cand16cam4_ccd1.jpg,lc/lc_outcatrms_day_4155_cam4_ccd1_cand16.txt,1596.6566,975.959
103,cam4_ccd2,o1a,4155,12.593840535098689,-56.169839685318195,,,sector103/multiple/lc_outcatrms_day_4155_cam4_ccd2_cand12cam4_ccd2.jpg,lc/lc_outcatrms_day_4155_cam4_ccd2_cand12.txt,1083.9205,1744.9502
103,cam1_ccd3,o1a,4156,243.90208710857002,-40.48641308725888,,,sector103/multiple/lc_outcatrms_day_4156_cam1_ccd3_cand22cam1_ccd3.jpg,lc/lc_outcatrms_day_4156_cam1_ccd3_cand22.txt,1135.9955,1552.2906
103,cam2_ccd2,o1a,4156,280.6749352238851,-62.561145594819486,,,sector103/multiple/lc_outcatrms_day_4156_cam2_ccd2_cand12cam2_ccd2.jpg,lc/lc_outcatrms_day_4156_cam2_ccd2_cand12.txt,590.0227,1447.5884
103,cam1_ccd4,o1a,4157,219.34180304250665,-43.278059746524846,,,sector103/multiple/lc_outcatrms_day_4157_cam1_ccd4_cand11cam1_ccd4.jpg,lc/lc_outcatrms_day_4157_cam1_ccd4_cand11.txt,2035.8033,512.3987
103,cam1_ccd4,o1a,4157,222.64699497037597,-44.8675671787847,,,sector103/multiple/lc_outcatrms_day_4157_cam1_ccd4_cand12cam1_ccd4.jpg,lc/lc_outcatrms_day_4157_cam1_ccd4_cand12.txt,1708.0172,934.6119
103,cam1_ccd4,o1a,4158,231.49711900739086,-38.66547420166476,,,sector103/multiple/lc_outcatrms_day_4158_cam1_ccd4_cand16cam1_ccd4.jpg,lc/lc_outcatrms_day_4158_cam1_ccd4_cand16.txt,212.5092,421.4049
103,cam1_ccd4,o1a,4158,233.48562222298753,-44.43386617819548,,,sector103/multiple/lc_outcatrms_day_4158_cam1_ccd4_cand20cam1_ccd4.jpg,lc/lc_outcatrms_day_4158_cam1_ccd4_cand20.txt,442.4205,1432.6242
103,cam2_ccd1,o1a,4158,264.6611469930428,-77.0975528418783,,,sector103/multiple/lc_outcatrms_day_4158_cam2_ccd1_cand16cam2_ccd1.jpg,lc/lc_outcatrms_day_4158_cam2_ccd1_cand16.txt,96.382,1007.0435
103,cam4_ccd1,o1a,4158,357.9821174278816,-54.55645053334252,,,sector103/multiple/lc_outcatrms_day_4158_cam4_ccd1_cand32cam4_ccd1.jpg,lc/lc_outcatrms_day_4158_cam4_ccd1_cand32.txt,1937.3744,1130.4251
103,cam1_ccd2,o1b,4159,248.48422042791722,-47.91619409930336,,,sector103/multiple/lc_outcatrms_day_4159_cam1_ccd2_cand28cam1_ccd2.jpg,lc/lc_outcatrms_day_4159_cam1_ccd2_cand28.txt,677.6422,1294.722
103,cam3_ccd2,o1b,4159,314.53347386136824,-75.31050478445863,,,sector103/multiple/lc_outcatrms_day_4159_cam3_ccd2_cand39cam3_ccd2.jpg,lc/lc_outcatrms_day_4159_cam3_ccd2_cand39.txt,1241.3984,918.4325
103,cam1_ccd2,o1b,4160,248.39428035784874,-50.105047088200564,,,sector103/multiple/lc_outcatrms_day_4160_cam1_ccd2_cand33cam1_ccd2.jpg,lc/lc_outcatrms_day_4160_cam1_ccd2_cand33.txt,433.6599,1008.6437
103,cam4_ccd3,o1b,4160,18.28048303260447,-46.77518388883324,,,sector103/multiple/lc_outcatrms_day_4160_cam4_ccd3_cand189cam4_ccd3.jpg,lc/lc_outcatrms_day_4160_cam4_ccd3_cand189.txt,1273.8878,744.5789
103,cam2_ccd3,o1b,4161,257.424589247067,-58.15462266825266,,,sector103/multiple/lc_outcatrms_day_4161_cam2_ccd3_cand36cam2_ccd3.jpg,lc/lc_outcatrms_day_4161_cam2_ccd3_cand36.txt,1989.755,705.8819
103,cam3_ccd3,o1b,4161,344.90302713594804,-68.39188480766151,,,sector103/multiple/lc_outcatrms_day_4161_cam3_ccd3_cand35cam3_ccd3.jpg,lc/lc_outcatrms_day_4161_cam3_ccd3_cand35.txt,1334.7234,1347.121
103,cam4_ccd3,o1b,4161,27.04640245544059,-45.416568772311166,,,sector103/multiple/lc_outcatrms_day_4161_cam4_ccd3_cand200cam4_ccd3.jpg,lc/lc_outcatrms_day_4161_cam4_ccd3_cand200.txt,346.0602,61.0835
103,cam4_ccd3,o1b,4161,10.463043958061588,-49.80613072484318,,,sector103/multiple/lc_outcatrms_day_4161_cam4_ccd3_cand207cam4_ccd3.jpg,lc/lc_outcatrms_day_4161_cam4_ccd3_cand207.txt,1807.4888,1644.9827
103,cam1_ccd3,o1b,4162,244.33093979376923,-40.570459870516345,,,sector103/multiple/lc_outcatrms_day_4162_cam1_ccd3_cand49cam1_ccd3.jpg,lc/lc_outcatrms_day_4162_cam1_ccd3_cand49.txt,1098.7999,1596.5462
103,cam4_ccd4,o1b,4162,357.302455208523,-45.23276282909255,,,sector103/multiple/lc_outcatrms_day_4162_cam4_ccd4_cand16cam4_ccd4.jpg,lc/lc_outcatrms_day_4162_cam4_ccd4_cand16.txt,1329.2642,1937.6457
103,cam2_ccd1,o1b,4163,281.2157272692976,-78.30138929403248,,,sector103/multiple/lc_outcatrms_day_4163_cam2_ccd1_cand30cam2_ccd1.jpg,lc/lc_outcatrms_day_4163_cam2_ccd1_cand30.txt,202.7869,346.5658
103,cam3_ccd2,o1b,4163,318.7294581661515,-74.23866351100345,,,sector103/multiple/lc_outcatrms_day_4163_cam3_ccd2_cand50cam3_ccd2.jpg,lc/lc_outcatrms_day_4163_cam3_ccd2_cand50.txt,1089.7719,1145.2307
103,cam2_ccd1,o1b,4164,278.55977687805904,-69.7176371273368,,,sector103/multiple/lc_outcatrms_day_4164_cam2_ccd1_cand37cam2_ccd1.jpg,lc/lc_outcatrms_day_4164_cam2_ccd1_cand37.txt,1574.0355,1089.3938
103,cam3_ccd2,o1b,4164,321.99428860292517,-78.52536008688391,,,sector103/multiple/lc_outcatrms_day_4164_cam3_ccd2_cand52cam3_ccd2.jpg,lc/lc_outcatrms_day_4164_cam3_ccd2_cand52.txt,1865.1762,1078.3237
103,cam1_ccd3,o2b,4172,238.10939486129328,-33.63955653681749,,,sector103/multiple/lc_outcatrms_day_4172_cam1_ccd3_cand66cam1_ccd3.jpg,lc/lc_outcatrms_day_4172_cam1_ccd3_cand66.txt,1128.845,91.8761
103,cam2_ccd3,o2b,4172,264.3653489770872,-49.81151670862048,,,sector103/multiple/lc_outcatrms_day_4172_cam2_ccd3_cand45cam2_ccd3.jpg,lc/lc_outcatrms_day_4172_cam2_ccd3_cand45.txt,390.2477,274.516
103,cam4_ccd2,o2b,4172,356.6768264675051,-60.96011406068542,,,sector103/multiple/lc_outcatrms_day_4172_cam4_ccd2_cand44cam4_ccd2.jpg,lc/lc_outcatrms_day_4172_cam4_ccd2_cand44.txt,435.5858,215.5262
103,cam1_ccd4,o2b,4173,227.48714377608596,-40.83385071929434,,,sector103/multiple/lc_outcatrms_day_4173_cam1_ccd4_cand43cam1_ccd4.jpg,lc/lc_outcatrms_day_4173_cam1_ccd4_cand43.txt,859.6834,526.023
103,cam1_ccd4,o2b,4173,227.78761487213163,-49.16134120138866,,,sector103/multiple/lc_outcatrms_day_4173_cam1_ccd4_cand45cam1_ccd4.jpg,lc/lc_outcatrms_day_4173_cam1_ccd4_cand45.txt,1405.9524,1863.7142
103,cam3_ccd1,o2b,4173,305.17219604175693,-63.68368755512757,,,sector103/multiple/lc_outcatrms_day_4173_cam3_ccd1_cand44cam3_ccd1.jpg,lc/lc_outcatrms_day_4173_cam3_ccd1_cand44.txt,1352.487,517.1792
103,cam1_ccd2,o2b,4174,251.8019298937082,-49.7282895157951,,,sector103/multiple/lc_outcatrms_day_4174_cam1_ccd2_cand72cam1_ccd2.jpg,lc/lc_outcatrms_day_4174_cam1_ccd2_cand72.txt,766.2496,807.5103
103,cam3_ccd1,o2b,4174,319.6391539418261,-64.84072706068115,,,sector103/multiple/lc_outcatrms_day_4174_cam3_ccd1_cand51cam3_ccd1.jpg,lc/lc_outcatrms_day_4174_cam3_ccd1_cand51.txt,1695.7144,1576.3875
103,cam3_ccd4,o2b,4174,327.3196221966425,-59.793563459997195,,,sector103/multiple/lc_outcatrms_day_4174_cam3_ccd4_cand53cam3_ccd4.jpg,lc/lc_outcatrms_day_4174_cam3_ccd4_cand53.txt,1082.602,1783.9487
103,cam1_ccd3,o2b,4175,242.46025361862954,-32.46174587270671,,,sector103/multiple/lc_outcatrms_day_4175_cam1_ccd3_cand83cam1_ccd3.jpg,lc/lc_outcatrms_day_4175_cam1_ccd3_cand83.txt,464.4114,256.9126
103,cam1_ccd3,o2b,4175,233.9934067609368,-36.66863209487483,,,sector103/multiple/lc_outcatrms_day_4175_cam1_ccd3_cand84cam1_ccd3.jpg,lc/lc_outcatrms_day_4175_cam1_ccd3_cand84.txt,1911.6445,270.5385
103,cam1_ccd3,o2b,4175,249.41860427593787,-38.302902225892815,,,sector103/multiple/lc_outcatrms_day_4175_cam1_ccd3_cand86cam1_ccd3.jpg,lc/lc_outcatrms_day_4175_cam1_ccd3_cand86.txt,304.1516,1694.4044
103,cam1_ccd4,o2b,4175,232.13409473371516,-43.12565633752343,,,sector103/multiple/lc_outcatrms_day_4175_cam1_ccd4_cand51cam1_ccd4.jpg,lc/lc_outcatrms_day_4175_cam1_ccd4_cand51.txt,487.0279,1154.9123
103,cam3_ccd4,o2b,4175,324.68456648545185,-58.061979328207904,,,sector103/multiple/lc_outcatrms_day_4175_cam3_ccd4_cand55cam3_ccd4.jpg,lc/lc_outcatrms_day_4175_cam3_ccd4_cand55.txt,1448.1157,1902.0839
103,cam1_ccd4,o2b,4176,221.37063542380588,-42.53871925189626,,,sector103/multiple/lc_outcatrms_day_4176_cam1_ccd4_cand54cam1_ccd4.jpg,lc/lc_outcatrms_day_4176_cam1_ccd4_cand54.txt,1732.0514,483.0813
103,cam1_ccd4,o2b,4176,226.8588555457644,-42.80911799258816,,,sector103/multiple/lc_outcatrms_day_4176_cam1_ccd4_cand55cam1_ccd4.jpg,lc/lc_outcatrms_day_4176_cam1_ccd4_cand55.txt,1071.2215,809.8626
103,cam3_ccd2,o2b,4176,302.6124119224455,-70.53920965480967,,,sector103/multiple/lc_outcatrms_day_4176_cam3_ccd2_cand68cam3_ccd2.jpg,lc/lc_outcatrms_day_4176_cam3_ccd2_cand68.txt,383.3373,357.9247
103,cam3_ccd4,o2b,4177,326.99628356492593,-60.88079661298292,,,sector103/multiple/lc_outcatrms_day_4177_cam3_ccd4_cand60cam3_ccd4.jpg,lc/lc_outcatrms_day_4177_cam3_ccd4_cand60.txt,916.2005,1876.35
104,cam1_ccd1,o1a,4180,280.14936170402353,-54.029240721305804,,,sector104/multiple/lc_outcatrms_day_4180_cam1_ccd1_cand3cam1_ccd1.jpg,lc/lc_outcatrms_day_4180_cam1_ccd1_cand3.txt,1912.4484,1001.5234
104,cam1_ccd3,o1a,4180,269.48439226947335,-40.68868806878042,,,sector104/multiple/lc_outcatrms_day_4180_cam1_ccd3_cand3cam1_ccd3.jpg,lc/lc_outcatrms_day_4180_cam1_ccd3_cand3.txt,1521.0463,751.8965
104,cam1_ccd4,o1a,4180,263.16274621706344,-51.57392749119469,,,sector104/multiple/lc_outcatrms_day_4180_cam1_ccd4_cand5cam1_ccd4.jpg,lc/lc_outcatrms_day_4180_cam1_ccd4_cand5.txt,1159.593,1655.182
104,cam1_ccd1,o1a,4181,281.1830677533573,-57.01205907483483,,,sector104/multiple/lc_outcatrms_day_4181_cam1_ccd1_cand6cam1_ccd1.jpg,lc/lc_outcatrms_day_4181_cam1_ccd1_cand6.txt,1562.6834,599.9877
104,cam1_ccd3,o1a,4181,276.90969399236855,-45.028973807170274,,,sector104/multiple/lc_outcatrms_day_4181_cam1_ccd3_cand6cam1_ccd3.jpg,lc/lc_outcatrms_day_4181_cam1_ccd3_cand6.txt,1428.1497,1947.5431
104,cam2_ccd2,o1a,4181,333.1098385901952,-57.125863816796,,,sector104/multiple/lc_outcatrms_day_4181_cam2_ccd2_cand1cam2_ccd2.jpg,lc/lc_outcatrms_day_4181_cam2_ccd2_cand1.txt,647.6985,128.3362
104,cam4_ccd2,o1a,4181,23.30484131961446,-50.503529487462544,,,sector104/multiple/lc_outcatrms_day_4181_cam4_ccd2_cand3cam4_ccd2.jpg,lc/lc_outcatrms_day_4181_cam4_ccd2_cand3.txt,783.6161,679.443
104,cam1_ccd2,o1a,4182,286.26720203598984,-49.44634010874885,,,sector104/multiple/lc_outcatrms_day_4182_cam1_ccd2_cand9cam1_ccd2.jpg,lc/lc_outcatrms_day_4182_cam1_ccd2_cand9.txt,767.5169,924.9151
104,cam3_ccd1,o1a,4182,337.2389744365377,-51.19533183446202,,,sector104/multiple/lc_outcatrms_day_4182_cam3_ccd1_cand14cam3_ccd1.jpg,lc/lc_outcatrms_day_4182_cam3_ccd1_cand14.txt,522.7272,474.9134
104,cam4_ccd4,o1a,4182,24.82663239201978,-31.330565472034802,,,sector104/multiple/lc_outcatrms_day_4182_cam4_ccd4_cand6cam4_ccd4.jpg,lc/lc_outcatrms_day_4182_cam4_ccd4_cand6.txt,1222.96,903.6017
104,cam1_ccd3,o1a,4183,281.9142080268127,-38.839772223449515,,,sector104/multiple/lc_outcatrms_day_4183_cam1_ccd3_cand12cam1_ccd3.jpg,lc/lc_outcatrms_day_4183_cam1_ccd3_cand12.txt,168.4768,1772.5767
104,cam3_ccd1,o1a,4183,344.4357033082834,-57.22811274697977,,,sector104/multiple/lc_outcatrms_day_4183_cam3_ccd1_cand18cam3_ccd1.jpg,lc/lc_outcatrms_day_4183_cam3_ccd1_cand18.txt,1742.9909,947.0725
104,cam2_ccd1,o1b,4185,314.7509462552425,-71.1061537547271,,,sector104/multiple/lc_outcatrms_day_4185_cam2_ccd1_cand23cam2_ccd1.jpg,lc/lc_outcatrms_day_4185_cam2_ccd1_cand23.txt,379.8234,1483.928
104,cam2_ccd2,o1b,4186,319.0187108758336,-54.45973927595001,,,sector104/multiple/lc_outcatrms_day_4186_cam2_ccd2_cand32cam2_ccd2.jpg,lc/lc_outcatrms_day_4186_cam2_ccd2_cand32.txt,1109.0645,1514.6723
104,cam3_ccd3,o1b,4186,8.696301285345948,-61.628362096096815,,,sector104/multiple/lc_outcatrms_day_4186_cam3_ccd3_cand42cam3_ccd3.jpg,lc/lc_outcatrms_day_4186_cam3_ccd3_cand42.txt,923.6895,1734.1371
104,cam4_ccd4,o1b,4186,27.168574163450092,-30.408342876124923,,,sector104/multiple/lc_outcatrms_day_4186_cam4_ccd4_cand19cam4_ccd4.jpg,lc/lc_outcatrms_day_4186_cam4_ccd4_cand19.txt,1060.9177,551.2842
104,cam2_ccd3,o1b,4187,307.93781201077553,-54.435841740351314,,,sector104/multiple/lc_outcatrms_day_4187_cam2_ccd3_cand27cam2_ccd3.jpg,lc/lc_outcatrms_day_4187_cam2_ccd3_cand27.txt,1221.4107,1601.6004
104,cam4_ccd3,o1b,4187,35.19069970444257,-42.375433421577426,,,sector104/multiple/lc_outcatrms_day_4187_cam4_ccd3_cand30cam4_ccd3.jpg,lc/lc_outcatrms_day_4187_cam4_ccd3_cand30.txt,1098.3264,1558.2901
104,cam1_ccd2,o1b,4188,287.45887770808446,-53.68211546761962,,,sector104/multiple/lc_outcatrms_day_4188_cam1_ccd2_cand29cam1_ccd2.jpg,lc/lc_outcatrms_day_4188_cam1_ccd2_cand29.txt,223.232,413.5184
104,cam2_ccd1,o1b,4188,332.1878052951159,-65.89366096559978,,,sector104/multiple/lc_outcatrms_day_4188_cam2_ccd1_cand39cam2_ccd1.jpg,lc/lc_outcatrms_day_4188_cam2_ccd1_cand39.txt,1298.81,388.3629
104,cam1_ccd2,o1b,4189,295.3606814015295,-45.812392619093565,,,sector104/multiple/lc_outcatrms_day_4189_cam1_ccd2_cand33cam1_ccd2.jpg,lc/lc_outcatrms_day_4189_cam1_ccd2_cand33.txt,1893.8906,275.0998
104,cam3_ccd1,o1b,4189,338.09325129981016,-50.265692535752166,,,sector104/multiple/lc_outcatrms_day_4189_cam3_ccd1_cand50cam3_ccd1.jpg,lc/lc_outcatrms_day_4189_cam3_ccd1_cand50.txt,381.5476,602.6384
104,cam3_ccd1,o1b,4189,344.3673492727539,-52.207767543303575,,,sector104/multiple/lc_outcatrms_day_4189_cam3_ccd1_cand53cam3_ccd1.jpg,lc/lc_outcatrms_day_4189_cam3_ccd1_cand53.txt,912.0087,1196.0456
104,cam2_ccd4,o1b,4190,288.89250169129633,-66.8711180461065,,,sector104/multiple/lc_outcatrms_day_4190_cam2_ccd4_cand46cam2_ccd4.jpg,lc/lc_outcatrms_day_4190_cam2_ccd4_cand46.txt,1649.9805,959.5464
104,cam3_ccd2,o1b,4190,345.11155250580794,-66.63367448457372,,,sector104/multiple/lc_outcatrms_day_4190_cam3_ccd2_cand45cam3_ccd2.jpg,lc/lc_outcatrms_day_4190_cam3_ccd2_cand45.txt,1156.2442,496.6799
104,cam3_ccd2,o1b,4190,354.4639689731504,-68.95930033141397,,,sector104/multiple/lc_outcatrms_day_4190_cam3_ccd2_cand48cam3_ccd2.jpg,lc/lc_outcatrms_day_4190_cam3_ccd2_cand48.txt,1766.5006,919.513
104,cam4_ccd1,o2a,4193,15.416848851139374,-42.510378054884654,,,sector104/multiple/lc_outcatrms_day_4193_cam4_ccd1_cand36cam4_ccd1.jpg,lc/lc_outcatrms_day_4193_cam4_ccd1_cand36.txt,1313.7713,1010.4586
104,cam1_ccd4,o2a,4194,254.50855552361529,-51.82430440376977,,,sector104/multiple/lc_outcatrms_day_4194_cam1_ccd4_cand50cam1_ccd4.jpg,lc/lc_outcatrms_day_4194_cam1_ccd4_cand50.txt,1970.0094,1135.558
104,cam2_ccd4,o2a,4194,287.402668323862,-69.28068215606507,,,sector104/multiple/lc_outcatrms_day_4194_cam2_ccd4_cand52cam2_ccd4.jpg,lc/lc_outcatrms_day_4194_cam2_ccd4_cand52.txt,2071.9589,1101.0643
104,cam4_ccd4,o2a,4194,28.38989224098979,-28.99050391371291,,,sector104/multiple/lc_outcatrms_day_4194_cam4_ccd4_cand45cam4_ccd4.jpg,lc/lc_outcatrms_day_4194_cam4_ccd4_cand45.txt,1078.5086,230.5658
104,cam3_ccd1,o2a,4195,335.3804916994353,-55.995833446605694,,,sector104/multiple/lc_outcatrms_day_4195_cam3_ccd1_cand66cam3_ccd1.jpg,lc/lc_outcatrms_day_4195_cam3_ccd1_cand66.txt,1322.1688,131.4893
104,cam4_ccd1,o2a,4195,16.664550345664466,-37.807060354626174,,,sector104/multiple/lc_outcatrms_day_4195_cam4_ccd1_cand48cam4_ccd1.jpg,lc/lc_outcatrms_day_4195_cam4_ccd1_cand48.txt,839.8425,1688.2307
104,cam2_ccd3,o2a,4196,298.96101441889135,-47.54307106260036,,,sector104/multiple/lc_outcatrms_day_4196_cam2_ccd3_cand47cam2_ccd3.jpg,lc/lc_outcatrms_day_4196_cam2_ccd3_cand47.txt,355.6503,249.6887
104,cam2_ccd3,o2a,4196,306.8902475699974,-50.718253677958614,,,sector104/multiple/lc_outcatrms_day_4196_cam2_ccd3_cand49cam2_ccd3.jpg,lc/lc_outcatrms_day_4196_cam2_ccd3_cand49.txt,620.1394,1320.5197
104,cam4_ccd2,o2a,4196,38.80586140675337,-48.8003080810278,,,sector104/multiple/lc_outcatrms_day_4196_cam4_ccd2_cand61cam4_ccd2.jpg,lc/lc_outcatrms_day_4196_cam4_ccd2_cand61.txt,2027.5175,1943.3931
104,cam4_ccd4,o2a,4196,23.309066239780844,-36.01358351302695,,,sector104/multiple/lc_outcatrms_day_4196_cam4_ccd4_cand90cam4_ccd4.jpg,lc/lc_outcatrms_day_4196_cam4_ccd4_cand90.txt,845.3758,1664.2283
104,cam1_ccd2,o2a,4197,293.6112779832258,-49.02508693972862,,,sector104/multiple/lc_outcatrms_day_4197_cam1_ccd2_cand47cam1_ccd2.jpg,lc/lc_outcatrms_day_4197_cam1_ccd2_cand47.txt,1274.3283,216.807
104,cam2_ccd3,o2a,4197,300.55436354554814,-54.420836614394666,,,sector104/multiple/lc_outcatrms_day_4197_cam2_ccd3_cand55cam2_ccd3.jpg,lc/lc_outcatrms_day_4197_cam2_ccd3_cand55.txt,1443.2973,895.3532
104,cam2_ccd4,o2a,4197,298.163364946648,-63.70087977496075,,,sector104/multiple/lc_outcatrms_day_4197_cam2_ccd4_cand65cam2_ccd4.jpg,lc/lc_outcatrms_day_4197_cam2_ccd4_cand65.txt,833.5098,1310.1707
104,cam3_ccd2,o2a,4197,345.1336333302937,-60.21353842294739,,,sector104/multiple/lc_outcatrms_day_4197_cam3_ccd2_cand67cam3_ccd2.jpg,lc/lc_outcatrms_day_4197_cam3_ccd2_cand67.txt,87.7663,851.8137
104,cam3_ccd4,o2a,4197,0.09230840587880618,-45.74969025122919,,,sector104/multiple/lc_outcatrms_day_4197_cam3_ccd4_cand54cam3_ccd4.jpg,lc/lc_outcatrms_day_4197_cam3_ccd4_cand54.txt,1523.3361,915.9611
104,cam1_ccd1,o2b,4198,272.73660449988563,-52.31111577502001,,,sector104/multiple/lc_outcatrms_day_4198_cam1_ccd1_cand65cam1_ccd1.jpg,lc/lc_outcatrms_day_4198_cam1_ccd1_cand65.txt,1640.1612,1770.8589
104,cam1_ccd3,o2b,4198,278.753884163572,-37.438932242351136,,,sector104/multiple/lc_outcatrms_day_4198_cam1_ccd3_cand51cam1_ccd3.jpg,lc/lc_outcatrms_day_4198_cam1_ccd3_cand51.txt,243.6271,1277.6141
104,cam2_ccd1,o2b,4198,314.12646806854514,-64.10797913264538,,,sector104/multiple/lc_outcatrms_day_4198_cam2_ccd1_cand68cam2_ccd1.jpg,lc/lc_outcatrms_day_4198_cam2_ccd1_cand68.txt,1582.8046,1724.3415
104,cam2_ccd4,o2b,4198,296.89346222626216,-68.24727827799055,,,sector104/multiple/lc_outcatrms_day_4198_cam2_ccd4_cand69cam2_ccd4.jpg,lc/lc_outcatrms_day_4198_cam2_ccd4_cand69.txt,1595.2437,1546.9636
104,cam2_ccd4,o2b,4199,276.70464633941305,-65.69915025880653,,,sector104/multiple/lc_outcatrms_day_4199_cam2_ccd4_cand72cam2_ccd4.jpg,lc/lc_outcatrms_day_4199_cam2_ccd4_cand72.txt,2060.0581,107.022
104,cam2_ccd4,o2b,4200,304.8946453316705,-66.16499163547746,,,sector104/multiple/lc_outcatrms_day_4200_cam2_ccd4_cand78cam2_ccd4.jpg,lc/lc_outcatrms_day_4200_cam2_ccd4_cand78.txt,1054.5459,1917.1458
104,cam3_ccd4,o2b,4200,10.174384267710831,-47.395725868949036,,,sector104/multiple/lc_outcatrms_day_4200_cam3_ccd4_cand65cam3_ccd4.jpg,lc/lc_outcatrms_day_4200_cam3_ccd4_cand65.txt,604.8192,70.0865
104,cam1_ccd2,o2b,4201,285.6594899510069,-42.54595094733488,,,sector104/multiple/lc_outcatrms_day_4201_cam1_ccd2_cand60cam1_ccd2.jpg,lc/lc_outcatrms_day_4201_cam1_ccd2_cand60.txt,1726.9782,1646.5874
104,cam4_ccd4,o2b,4201,29.188406479513997,-34.863886943419665,,,sector104/multiple/lc_outcatrms_day_4201_cam4_ccd4_cand106cam4_ccd4.jpg,lc/lc_outcatrms_day_4201_cam4_ccd4_cand106.txt,341.5418,985.9615
104,cam3_ccd1,o2b,4202,334.6710883154434,-53.43419222123307,,,sector104/multiple/lc_outcatrms_day_4202_cam3_ccd1_cand65cam3_ccd1.jpg,lc/lc_outcatrms_day_4202_cam3_ccd1_cand65.txt,858.5227,125.7139
104,cam1_ccd3,o2b,4203,276.7672958887569,-37.649329123198655,,,sector104/multiple/lc_outcatrms_day_4203_cam1_ccd3_cand63cam1_ccd3.jpg,lc/lc_outcatrms_day_4203_cam1_ccd3_cand63.txt,453.8001,1092.4222
104,cam3_ccd3,o2b,4203,21.835364753210634,-60.95525678039551,,,sector104/multiple/lc_outcatrms_day_4203_cam3_ccd3_cand104cam3_ccd3.jpg,lc/lc_outcatrms_day_4203_cam3_ccd3_cand104.txt,220.0505,842.6502
76,cam1_ccd1,,,203.57993800358074,48.0184010759246,,,sector76/multiple/outcatrms_cam1_ccd1_cand26_cleanedcam1_ccd1.jpg,lcGRB/outcatrms_cam1_ccd1_cand26.txt,1732.4821,1317.8082
76,cam1_ccd3,,,191.41146358630283,47.393931280109335,,,sector76/multiple/outcatrms_cam1_ccd3_cand19_cleanedcam1_ccd3.jpg,lcGRB/outcatrms_cam1_ccd3_cand19.txt,1482.5005,2003.9735
76,cam2_ccd2,,,234.04015920503707,67.96871965536644,,,sector76/multiple/outcatrms_cam2_ccd2_cand7_cleanedcam2_ccd2.jpg,lcGRB/outcatrms_cam2_ccd2_cand7.txt,511.7086,1225.3172
76,cam3_ccd2,,,274.1344212205411,63.07446810772722,,,sector76/multiple/outcatrms_cam3_ccd2_cand13_cleanedcam3_ccd2.jpg,lcGRB/outcatrms_cam3_ccd2_cand13.txt,549.1651,1557.5549
76,cam3_ccd2,,,278.16940250218636,64.72760531390175,,,sector76/multiple/outcatrms_cam3_ccd2_cand22_cleanedcam3_ccd2.jpg,lcGRB/outcatrms_cam3_ccd2_cand22.txt,201.8406,1783.6179
76,cam3_ccd2,,,258.23384054360554,59.341819576156084,,,sector76/multiple/outcatrms_cam3_ccd2_cand33_cleanedcam3_ccd2.jpg,lcGRB/outcatrms_cam3_ccd2_cand33.txt,1331.056,267.9432
76,cam3_ccd2,,,273.4517205726351,62.72721678255469,,,sector76/multiple/outcatrms_cam3_ccd2_cand4_cleanedcam3_ccd2.jpg,lcGRB/outcatrms_cam3_ccd2_cand4.txt,618.5494,1517.4949
76,cam3_ccd3,,,280.5349663004586,57.930438213274805,,,sector76/multiple/outcatrms_cam3_ccd3_cand56_cleanedcam3_ccd3.jpg,lcGRB/outcatrms_cam3_ccd3_cand56.txt,874.2197,1895.6062
76,cam3_ccd4,,,311.02525949455577,62.88054215221384,,,sector76/multiple/outcatrms_cam3_ccd4_cand0_cleanedcam3_ccd4.jpg,lcGRB/outcatrms_cam3_ccd4_cand0.txt,778.0354,113.3385
76,cam3_ccd4,,,298.15962026000966,64.20428497086513,,,sector76/multiple/outcatrms_cam3_ccd4_cand40_cleanedcam3_ccd4.jpg,lcGRB/outcatrms_cam3_ccd4_cand40.txt,308.5995,1049.9957
76,cam4_ccd1,,,319.6561157495377,53.72882937499434,,,sector76/multiple/outcatrms_cam4_ccd1_cand26_cleanedcam4_ccd1.jpg,lcGRB/outcatrms_cam4_ccd1_cand26.txt,1822.4679,1631.9236
76,cam4_ccd1,,,312.90249132773664,59.216140018003884,,,sector76/multiple/outcatrms_cam4_ccd1_cand38_cleanedcam4_ccd1.jpg,lcGRB/outcatrms_cam4_ccd1_cand38.txt,1688.1207,487.1732
76,cam4_ccd1,,,326.36110532554824,57.521012866155125,,,sector76/multiple/outcatrms_cam4_ccd1_cand41_cleanedcam4_ccd1.jpg,lcGRB/outcatrms_cam4_ccd1_cand41.txt,912.036,1472.537
76,cam4_ccd1,,,324.5687608474689,52.96560555799171,,,sector76/multiple/outcatrms_cam4_ccd1_cand9_cleanedcam4_ccd1.jpg,lcGRB/outcatrms_cam4_ccd1_cand9.txt,1494.8286,2030.9689
76,cam4_ccd2,,,297.6903673950184,52.4682892036481,,,sector76/multiple/outcatrms_cam4_ccd2_cand38_cleanedcam4_ccd2.jpg,lcGRB/outcatrms_cam4_ccd2_cand38.txt,1397.6715,85.9102
76,cam4_ccd2,,,299.7107920655396,51.52356036481336,,,sector76/multiple/outcatrms_cam4_ccd2_cand40_cleanedcam4_ccd2.jpg,lcGRB/outcatrms_cam4_ccd2_cand40.txt,1397.6459,373.1109
76,cam4_ccd2,,,300.8042962503633,50.98985729974849,,,sector76/multiple/outcatrms_cam4_ccd2_cand42_cleanedcam4_ccd2.jpg,lcGRB/outcatrms_cam4_ccd2_cand42.txt,1396.6882,530.3876
76,cam4_ccd3,,,323.40957616442324,44.784469049828054,,,sector76/multiple/outcatrms_cam4_ccd3_cand129_cleanedcam4_ccd3.jpg,lcGRB/outcatrms_cam4_ccd3_cand129.txt,1904.3687,1097.8245
76,cam4_ccd3,,,323.66065883160604,45.500420104246544,,,sector76/multiple/outcatrms_cam4_ccd3_cand197_cleanedcam4_ccd3.jpg,lcGRB/outcatrms_cam4_ccd3_cand197.txt,1999.9093,1181.6734
76,cam4_ccd3,,,323.6634662477339,45.53598071495655,,,sector76/multiple/outcatrms_cam4_ccd3_cand198_cleanedcam4_ccd3.jpg,lcGRB/outcatrms_cam4_ccd3_cand198.txt,2003.6841,1186.512
76,cam4_ccd3,,,323.66663780932134,44.506251198473706,,,sector76/multiple/outcatrms_cam4_ccd3_cand71_cleanedcam4_ccd3.jpg,lcGRB/outcatrms_cam4_ccd3_cand71.txt,1902.4142,1040.1133
76,cam4_ccd4,,,335.5437920721438,53.95130101130693,,,sector76/multiple/outcatrms_cam4_ccd4_cand255_cleanedcam4_ccd4.jpg,lcGRB/outcatrms_cam4_ccd4_cand255.txt,1718.0536,1760.4937
